"file","lines","characters","score","state","todo","notImplemented","genericException","asyncVoid","emptyCatch","swallowCatch","taskRun","gcCollect","lockUsage","staticMutable","threadSleep","skiaNativeCtor"
"C:\Users\udayk\Videos\fenbrowser-test\FenBrowser.FenEngine\build_capture.bat","1","38","100","production","0","0","0","0","0","0","0","0","0","0","0","0"
"C:\Users\udayk\Videos\fenbrowser-test\FenBrowser.FenEngine\FenBrowser.FenEngine.csproj","22","759","100","production","0","0","0","0","0","0","0","0","0","0","0","0"
"C:\Users\udayk\Videos\fenbrowser-test\FenBrowser.FenEngine\Program.cs","204","9821","100","production","0","0","0","0","0","0","0","0","0","0","0","0"
"C:\Users\udayk\Videos\fenbrowser-test\FenBrowser.FenEngine\README.md","228","6376","100","production","0","0","0","0","0","0","0","0","0","0","0","0"
"C:\Users\udayk\Videos\fenbrowser-test\FenBrowser.FenEngine\smoke_tests.js","18","753","100","production","0","0","0","0","0","0","0","0","0","0","0","0"
"C:\Users\udayk\Videos\fenbrowser-test\FenBrowser.FenEngine\TestFenEngine.cs","452","22206","58","partial","0","0","0","0","0","7","0","0","0","0","0","0"
"C:\Users\udayk\Videos\fenbrowser-test\FenBrowser.FenEngine\test_output.txt","41","4381","100","production","0","0","0","0","0","0","0","0","0","0","0","0"
"C:\Users\udayk\Videos\fenbrowser-test\FenBrowser.FenEngine\Adapters\ISvgRenderer.cs","127","4105","100","production","0","0","0","0","0","0","0","0","0","2","0","0"
"C:\Users\udayk\Videos\fenbrowser-test\FenBrowser.FenEngine\Adapters\ITextMeasurer.cs","21","758","100","production","0","0","0","0","0","0","0","0","0","0","0","0"
"C:\Users\udayk\Videos\fenbrowser-test\FenBrowser.FenEngine\Adapters\SkiaTextMeasurer.cs","42","1538","100","production","0","0","0","0","0","0","0","0","0","0","0","2"
"C:\Users\udayk\Videos\fenbrowser-test\FenBrowser.FenEngine\Adapters\SvgSkiaRenderer.cs","382","16395","82","full","0","0","0","0","0","3","0","0","0","0","0","0"
"C:\Users\udayk\Videos\fenbrowser-test\FenBrowser.FenEngine\Assets\ua.css","103","3921","100","production","0","0","0","0","0","0","0","0","0","0","0","0"
"C:\Users\udayk\Videos\fenbrowser-test\FenBrowser.FenEngine\Compatibility\WebCompatibilityInterventions.cs","306","10522","88","full","0","0","0","0","0","2","0","0","8","1","0","0"
"C:\Users\udayk\Videos\fenbrowser-test\FenBrowser.FenEngine\Core\AnimationFrameScheduler.cs","308","10204","94","production","0","0","0","0","0","1","0","0","7","2","0","0"
"C:\Users\udayk\Videos\fenbrowser-test\FenBrowser.FenEngine\Core\Ast.cs","1160","37489","100","production","0","0","0","0","0","0","0","0","0","0","0","0"
"C:\Users\udayk\Videos\fenbrowser-test\FenBrowser.FenEngine\Core\EngineLoop.cs","152","5373","88","full","0","0","0","0","0","2","0","0","0","0","0","0"
"C:\Users\udayk\Videos\fenbrowser-test\FenBrowser.FenEngine\Core\EnginePhase.cs","70","2943","100","production","0","0","0","0","0","0","0","0","0","3","0","0"
"C:\Users\udayk\Videos\fenbrowser-test\FenBrowser.FenEngine\Core\ExecutionContext.cs","107","3735","98","production","0","0","0","0","0","0","2","0","0","0","0","0"
"C:\Users\udayk\Videos\fenbrowser-test\FenBrowser.FenEngine\Core\FenEnvironment.cs","404","12717","100","production","0","0","0","0","0","0","0","0","0","0","0","0"
"C:\Users\udayk\Videos\fenbrowser-test\FenBrowser.FenEngine\Core\FenFunction.cs","275","11493","100","production","0","0","0","0","0","0","0","0","0","0","0","0"
"C:\Users\udayk\Videos\fenbrowser-test\FenBrowser.FenEngine\Core\FenObject.cs","604","25086","100","production","0","0","0","0","0","0","0","0","0","1","0","0"
"C:\Users\udayk\Videos\fenbrowser-test\FenBrowser.FenEngine\Core\FenRuntime.cs","14411","696413","1","stub","1","0","2","0","0","111","16","0","34","0","0","0"
"C:\Users\udayk\Videos\fenbrowser-test\FenBrowser.FenEngine\Core\FenSymbol.cs","196","8586","100","production","0","0","0","0","0","0","0","0","3","1","0","0"
"C:\Users\udayk\Videos\fenbrowser-test\FenBrowser.FenEngine\Core\FenValue.cs","608","25668","94","production","0","0","0","0","0","1","0","0","0","1","0","0"
"C:\Users\udayk\Videos\fenbrowser-test\FenBrowser.FenEngine\Core\IDomBridge.cs","21","851","100","production","0","0","0","0","0","0","0","0","0","0","0","0"
"C:\Users\udayk\Videos\fenbrowser-test\FenBrowser.FenEngine\Core\InputQueue.cs","426","14793","100","production","0","0","0","0","0","0","0","0","0","0","0","0"
"C:\Users\udayk\Videos\fenbrowser-test\FenBrowser.FenEngine\Core\Lexer.cs","1888","74182","74","partial","0","0","0","0","0","4","0","0","0","1","0","0"
"C:\Users\udayk\Videos\fenbrowser-test\FenBrowser.FenEngine\Core\ModuleLoader.cs","527","20479","22","stub","0","3","0","0","0","8","0","0","0","0","0","0"
"C:\Users\udayk\Videos\fenbrowser-test\FenBrowser.FenEngine\Core\Parser.cs","5570","227448","80","full","0","0","0","0","0","2","0","0","0","0","0","0"
"C:\Users\udayk\Videos\fenbrowser-test\FenBrowser.FenEngine\Core\PropertyDescriptor.cs","89","3034","100","production","0","0","0","0","0","0","0","0","0","0","0","0"
"C:\Users\udayk\Videos\fenbrowser-test\FenBrowser.FenEngine\Core\Bytecode\CodeBlock.cs","40","1454","100","production","0","0","0","0","0","0","0","0","0","0","0","0"
"C:\Users\udayk\Videos\fenbrowser-test\FenBrowser.FenEngine\Core\Bytecode\OpCode.cs","106","3237","100","production","0","0","0","0","0","0","0","0","0","0","0","0"
"C:\Users\udayk\Videos\fenbrowser-test\FenBrowser.FenEngine\Core\Bytecode\Compiler\BytecodeCompiler.cs","3880","147746","79","full","0","1","0","0","0","1","0","0","0","0","0","0"
"C:\Users\udayk\Videos\fenbrowser-test\FenBrowser.FenEngine\Core\Bytecode\VM\CallFrame.cs","158","5204","100","production","0","0","0","0","0","0","0","0","0","0","0","0"
"C:\Users\udayk\Videos\fenbrowser-test\FenBrowser.FenEngine\Core\Bytecode\VM\VirtualMachine.cs","3198","146532","65","partial","0","0","0","0","0","5","0","0","0","0","0","0"
"C:\Users\udayk\Videos\fenbrowser-test\FenBrowser.FenEngine\Core\EventLoop\EventLoopCoordinator.cs","380","12772","76","full","0","0","0","0","0","4","0","0","3","2","0","0"
"C:\Users\udayk\Videos\fenbrowser-test\FenBrowser.FenEngine\Core\EventLoop\MicrotaskQueue.cs","148","4437","94","production","0","0","0","0","0","1","0","0","8","0","0","0"
"C:\Users\udayk\Videos\fenbrowser-test\FenBrowser.FenEngine\Core\EventLoop\TaskQueue.cs","129","3855","100","production","0","0","0","0","0","0","0","0","5","0","0","0"
"C:\Users\udayk\Videos\fenbrowser-test\FenBrowser.FenEngine\Core\Interfaces\IExecutionContext.cs","134","4384","100","production","0","0","0","0","0","0","0","0","0","0","0","0"
"C:\Users\udayk\Videos\fenbrowser-test\FenBrowser.FenEngine\Core\Interfaces\IHistoryBridge.cs","11","327","100","production","0","0","0","0","0","0","0","0","0","0","0","0"
"C:\Users\udayk\Videos\fenbrowser-test\FenBrowser.FenEngine\Core\Interfaces\IModuleLoader.cs","22","661","100","production","0","0","0","0","0","0","0","0","0","0","0","0"
"C:\Users\udayk\Videos\fenbrowser-test\FenBrowser.FenEngine\Core\Interfaces\IObject.cs","78","2705","100","production","0","0","0","0","0","0","0","0","0","0","0","0"
"C:\Users\udayk\Videos\fenbrowser-test\FenBrowser.FenEngine\Core\Interfaces\IValue.cs","93","2591","100","production","0","0","0","0","0","0","0","0","0","0","0","0"
"C:\Users\udayk\Videos\fenbrowser-test\FenBrowser.FenEngine\Core\Types\JsBigInt.cs","209","7233","100","production","0","0","0","0","0","0","0","0","0","0","0","0"
"C:\Users\udayk\Videos\fenbrowser-test\FenBrowser.FenEngine\Core\Types\JsIntl.cs","123","5521","100","production","0","0","0","0","0","0","0","0","0","0","0","0"
"C:\Users\udayk\Videos\fenbrowser-test\FenBrowser.FenEngine\Core\Types\JsMap.cs","135","5944","100","production","0","0","0","0","0","0","0","0","0","0","0","0"
"C:\Users\udayk\Videos\fenbrowser-test\FenBrowser.FenEngine\Core\Types\JsPromise.cs","549","23071","88","full","0","0","0","0","0","2","0","0","0","0","0","0"
"C:\Users\udayk\Videos\fenbrowser-test\FenBrowser.FenEngine\Core\Types\JsSet.cs","205","9355","100","production","0","0","0","0","0","0","0","0","0","0","0","0"
"C:\Users\udayk\Videos\fenbrowser-test\FenBrowser.FenEngine\Core\Types\JsSymbol.cs","190","6618","100","production","0","0","0","0","0","0","0","0","0","1","0","0"
"C:\Users\udayk\Videos\fenbrowser-test\FenBrowser.FenEngine\Core\Types\JsTypedArray.cs","527","27081","100","production","1","0","0","0","0","0","0","0","0","0","0","0"
"C:\Users\udayk\Videos\fenbrowser-test\FenBrowser.FenEngine\Core\Types\JsWeakMap.cs","68","2663","94","production","0","0","0","0","0","1","0","0","0","0","0","0"
"C:\Users\udayk\Videos\fenbrowser-test\FenBrowser.FenEngine\Core\Types\JsWeakSet.cs","60","2322","94","production","0","0","0","0","0","1","0","0","0","0","0","0"
"C:\Users\udayk\Videos\fenbrowser-test\FenBrowser.FenEngine\Core\Types\Shape.cs","89","3160","100","production","0","0","0","0","0","0","0","0","1","1","0","0"
"C:\Users\udayk\Videos\fenbrowser-test\FenBrowser.FenEngine\DevTools\DebugConfig.cs","135","4044","100","production","0","0","0","0","0","0","0","0","0","1","0","0"
"C:\Users\udayk\Videos\fenbrowser-test\FenBrowser.FenEngine\DevTools\DevToolsCore.cs","1063","37914","80","full","0","0","0","0","0","2","0","2","4","3","0","0"
"C:\Users\udayk\Videos\fenbrowser-test\FenBrowser.FenEngine\DOM\AttrWrapper.cs","104","4523","100","production","0","0","0","0","0","0","0","0","0","0","0","0"
"C:\Users\udayk\Videos\fenbrowser-test\FenBrowser.FenEngine\DOM\CommentWrapper.cs","39","1189","100","production","0","0","0","0","0","0","0","0","0","0","0","0"
"C:\Users\udayk\Videos\fenbrowser-test\FenBrowser.FenEngine\DOM\CustomElementRegistry.cs","374","14581","88","full","0","0","0","0","0","2","0","0","6","0","0","0"
"C:\Users\udayk\Videos\fenbrowser-test\FenBrowser.FenEngine\DOM\CustomEvent.cs","70","2266","100","production","0","0","0","0","0","0","0","0","0","0","0","0"
"C:\Users\udayk\Videos\fenbrowser-test\FenBrowser.FenEngine\DOM\DocumentWrapper.cs","762","34036","93","production","2","0","0","0","0","1","0","0","0","0","0","0"
"C:\Users\udayk\Videos\fenbrowser-test\FenBrowser.FenEngine\DOM\DomEvent.cs","337","13478","94","production","0","0","0","0","0","1","0","0","0","0","0","0"
"C:\Users\udayk\Videos\fenbrowser-test\FenBrowser.FenEngine\DOM\DomMutationQueue.cs","178","5738","94","production","0","0","0","0","0","1","0","0","5","2","0","0"
"C:\Users\udayk\Videos\fenbrowser-test\FenBrowser.FenEngine\DOM\DomWrapperFactory.cs","46","1949","100","production","0","0","0","0","0","0","0","0","0","0","0","0"
"C:\Users\udayk\Videos\fenbrowser-test\FenBrowser.FenEngine\DOM\ElementWrapper.cs","2141","89171","62","partial","0","0","0","0","0","6","0","0","0","0","0","0"
"C:\Users\udayk\Videos\fenbrowser-test\FenBrowser.FenEngine\DOM\EventListenerRegistry.cs","250","8527","100","production","0","0","0","0","0","0","0","0","7","0","0","0"
"C:\Users\udayk\Videos\fenbrowser-test\FenBrowser.FenEngine\DOM\EventTarget.cs","420","18895","88","full","0","0","0","0","0","2","0","0","0","2","0","0"
"C:\Users\udayk\Videos\fenbrowser-test\FenBrowser.FenEngine\DOM\HTMLCollectionWrapper.cs","433","14474","100","production","0","0","0","0","0","0","0","0","0","0","0","0"
"C:\Users\udayk\Videos\fenbrowser-test\FenBrowser.FenEngine\DOM\InMemoryCookieStore.cs","202","8649","100","production","0","0","0","0","0","0","0","0","0","0","0","0"
"C:\Users\udayk\Videos\fenbrowser-test\FenBrowser.FenEngine\DOM\MutationObserverWrapper.cs","221","9330","100","production","0","0","0","0","0","0","0","0","5","0","0","0"
"C:\Users\udayk\Videos\fenbrowser-test\FenBrowser.FenEngine\DOM\NamedNodeMapWrapper.cs","171","6996","88","full","0","0","0","0","0","2","0","0","0","0","0","0"
"C:\Users\udayk\Videos\fenbrowser-test\FenBrowser.FenEngine\DOM\NodeListWrapper.cs","92","3690","100","production","0","0","0","0","0","0","0","0","0","0","0","0"
"C:\Users\udayk\Videos\fenbrowser-test\FenBrowser.FenEngine\DOM\NodeWrapper.cs","371","13498","70","partial","0","0","0","0","0","5","0","0","0","0","0","0"
"C:\Users\udayk\Videos\fenbrowser-test\FenBrowser.FenEngine\DOM\Observers.cs","268","9962","88","full","0","0","0","0","0","2","0","0","0","0","0","0"
"C:\Users\udayk\Videos\fenbrowser-test\FenBrowser.FenEngine\DOM\RangeWrapper.cs","95","5806","100","production","0","0","0","0","0","0","0","0","0","0","0","0"
"C:\Users\udayk\Videos\fenbrowser-test\FenBrowser.FenEngine\DOM\ShadowRootWrapper.cs","88","3211","100","production","0","0","0","0","0","0","0","0","0","0","0","0"
"C:\Users\udayk\Videos\fenbrowser-test\FenBrowser.FenEngine\DOM\StaticNodeList.cs","25","731","100","production","0","0","0","0","0","0","0","0","0","0","0","0"
"C:\Users\udayk\Videos\fenbrowser-test\FenBrowser.FenEngine\DOM\TextWrapper.cs","44","1398","100","production","1","0","0","0","0","0","0","0","0","0","0","0"
"C:\Users\udayk\Videos\fenbrowser-test\FenBrowser.FenEngine\DOM\TouchEvent.cs","152","5482","100","production","1","0","0","0","0","0","0","0","0","0","0","0"
"C:\Users\udayk\Videos\fenbrowser-test\FenBrowser.FenEngine\Errors\FenError.cs","113","3494","100","production","0","0","0","0","0","0","0","0","0","0","0","0"
"C:\Users\udayk\Videos\fenbrowser-test\FenBrowser.FenEngine\HTML\ForeignContent.cs","333","14549","100","production","0","0","0","0","0","0","0","0","0","0","0","0"
"C:\Users\udayk\Videos\fenbrowser-test\FenBrowser.FenEngine\HTML\HtmlEntities.cs","482","16394","94","production","0","0","0","0","0","1","0","0","0","0","0","0"
"C:\Users\udayk\Videos\fenbrowser-test\FenBrowser.FenEngine\HTML\HtmlToken.cs","101","2913","100","production","0","0","0","0","0","0","0","0","0","0","0","0"
"C:\Users\udayk\Videos\fenbrowser-test\FenBrowser.FenEngine\HTML\HtmlTokenizer.cs","1546","50247","98","production","0","0","0","0","0","0","0","0","0","0","0","0"
"C:\Users\udayk\Videos\fenbrowser-test\FenBrowser.FenEngine\HTML\HtmlTreeBuilder.cs","1561","65650","98","production","0","0","0","0","0","0","0","0","0","0","0","0"
"C:\Users\udayk\Videos\fenbrowser-test\FenBrowser.FenEngine\Interaction\FocusManager.cs","122","3840","100","production","0","0","0","0","0","0","0","0","0","0","0","0"
"C:\Users\udayk\Videos\fenbrowser-test\FenBrowser.FenEngine\Interaction\HitTestResult.cs","97","2849","100","production","0","0","0","0","0","0","0","0","0","0","0","0"
"C:\Users\udayk\Videos\fenbrowser-test\FenBrowser.FenEngine\Interaction\InputManager.cs","242","9931","99","production","2","0","0","0","0","0","0","0","0","0","0","0"
"C:\Users\udayk\Videos\fenbrowser-test\FenBrowser.FenEngine\Jit\BytecodeCompiler.cs","426","15816","100","production","0","0","0","0","0","0","0","0","0","0","0","0"
"C:\Users\udayk\Videos\fenbrowser-test\FenBrowser.FenEngine\Jit\FenBytecode.cs","87","2747","100","production","0","0","0","0","0","0","0","0","0","0","0","0"
"C:\Users\udayk\Videos\fenbrowser-test\FenBrowser.FenEngine\Jit\JitCompiler.cs","463","23593","100","production","0","0","0","0","0","0","0","0","0","0","0","0"
"C:\Users\udayk\Videos\fenbrowser-test\FenBrowser.FenEngine\Jit\JitRuntime.cs","65","2284","100","production","0","0","0","0","0","0","0","0","0","1","0","0"
"C:\Users\udayk\Videos\fenbrowser-test\FenBrowser.FenEngine\Layout\AbsolutePositionSolver.cs","394","16528","100","production","0","0","0","0","0","0","0","0","0","0","0","0"
"C:\Users\udayk\Videos\fenbrowser-test\FenBrowser.FenEngine\Layout\BoxModel.cs","138","4121","100","production","0","0","0","0","0","0","0","0","0","0","0","0"
"C:\Users\udayk\Videos\fenbrowser-test\FenBrowser.FenEngine\Layout\ContainingBlockResolver.cs","245","9223","100","production","0","0","0","0","0","0","0","0","0","0","0","0"
"C:\Users\udayk\Videos\fenbrowser-test\FenBrowser.FenEngine\Layout\FloatExclusion.cs","191","8684","94","production","0","0","0","0","0","1","0","0","0","0","0","0"
"C:\Users\udayk\Videos\fenbrowser-test\FenBrowser.FenEngine\Layout\GridLayoutComputer.Areas.cs","71","2445","100","production","0","0","0","0","0","0","0","0","0","0","0","0"
"C:\Users\udayk\Videos\fenbrowser-test\FenBrowser.FenEngine\Layout\GridLayoutComputer.cs","1069","50177","100","production","0","0","0","0","0","0","0","0","0","3","0","0"
"C:\Users\udayk\Videos\fenbrowser-test\FenBrowser.FenEngine\Layout\GridLayoutComputer.Parsing.cs","276","11000","100","production","0","0","0","0","0","0","0","0","0","0","0","0"
"C:\Users\udayk\Videos\fenbrowser-test\FenBrowser.FenEngine\Layout\ILayoutComputer.cs","73","2604","100","production","0","0","0","0","0","0","0","0","0","0","0","0"
"C:\Users\udayk\Videos\fenbrowser-test\FenBrowser.FenEngine\Layout\InlineLayoutComputer.cs","1114","56983","100","production","0","0","0","0","0","0","0","0","0","0","0","10"
"C:\Users\udayk\Videos\fenbrowser-test\FenBrowser.FenEngine\Layout\InlineRunDebugger.cs","274","10084","94","production","0","0","0","0","0","1","0","0","0","3","0","0"
"C:\Users\udayk\Videos\fenbrowser-test\FenBrowser.FenEngine\Layout\LayoutContext.cs","103","3166","100","production","0","0","0","0","0","0","0","0","0","0","0","0"
"C:\Users\udayk\Videos\fenbrowser-test\FenBrowser.FenEngine\Layout\LayoutEngine.cs","401","17070","100","production","0","0","0","0","0","0","0","0","0","0","0","0"
"C:\Users\udayk\Videos\fenbrowser-test\FenBrowser.FenEngine\Layout\LayoutHelper.cs","244","9349","100","production","0","0","0","0","0","0","0","0","0","0","0","1"
"C:\Users\udayk\Videos\fenbrowser-test\FenBrowser.FenEngine\Layout\LayoutPositioningLogic.cs","191","7537","100","production","0","0","0","0","0","0","0","0","0","0","0","0"
"C:\Users\udayk\Videos\fenbrowser-test\FenBrowser.FenEngine\Layout\LayoutResult.cs","140","4806","100","production","0","0","0","0","0","0","0","0","0","1","0","0"
"C:\Users\udayk\Videos\fenbrowser-test\FenBrowser.FenEngine\Layout\LayoutValidator.cs","124","5406","100","production","0","0","0","0","0","0","0","0","0","0","0","0"
"C:\Users\udayk\Videos\fenbrowser-test\FenBrowser.FenEngine\Layout\MarginCollapseComputer.cs","191","7900","100","production","0","0","0","0","0","0","0","0","0","0","0","0"
"C:\Users\udayk\Videos\fenbrowser-test\FenBrowser.FenEngine\Layout\MarginCollapseTracker.cs","160","7632","100","production","0","0","0","0","0","0","0","0","0","0","0","0"
"C:\Users\udayk\Videos\fenbrowser-test\FenBrowser.FenEngine\Layout\MinimalLayoutComputer.cs","3137","151763","70","partial","2","0","0","0","0","4","0","0","0","0","0","1"
"C:\Users\udayk\Videos\fenbrowser-test\FenBrowser.FenEngine\Layout\MultiColumnLayoutComputer.cs","155","6940","100","production","0","0","0","0","0","0","0","0","0","0","0","0"
"C:\Users\udayk\Videos\fenbrowser-test\FenBrowser.FenEngine\Layout\PseudoBox.cs","588","21386","100","production","0","0","0","0","0","0","0","0","0","0","0","0"
"C:\Users\udayk\Videos\fenbrowser-test\FenBrowser.FenEngine\Layout\ReplacedElementSizing.cs","322","12183","100","production","0","0","0","0","0","0","0","0","0","0","0","0"
"C:\Users\udayk\Videos\fenbrowser-test\FenBrowser.FenEngine\Layout\ScrollAnchoring.cs","68","2843","100","production","0","0","0","0","0","0","0","0","0","0","0","0"
"C:\Users\udayk\Videos\fenbrowser-test\FenBrowser.FenEngine\Layout\TableLayoutComputer.cs","595","25289","100","production","0","0","0","0","0","0","0","0","0","0","0","0"
"C:\Users\udayk\Videos\fenbrowser-test\FenBrowser.FenEngine\Layout\TextLayoutComputer.cs","292","12511","100","production","0","0","0","0","0","0","0","0","0","1","0","1"
"C:\Users\udayk\Videos\fenbrowser-test\FenBrowser.FenEngine\Layout\TextLayoutHelper.cs","242","10276","100","production","0","0","0","0","0","0","0","0","0","0","0","0"
"C:\Users\udayk\Videos\fenbrowser-test\FenBrowser.FenEngine\Layout\TransformParsed.cs","19","555","100","production","0","0","0","0","0","0","0","0","0","0","0","0"
"C:\Users\udayk\Videos\fenbrowser-test\FenBrowser.FenEngine\Layout\Algorithms\BlockLayoutAlgorithm.cs","700","36647","100","production","0","0","0","0","0","0","0","0","0","0","0","0"
"C:\Users\udayk\Videos\fenbrowser-test\FenBrowser.FenEngine\Layout\Algorithms\ILayoutAlgorithm.cs","20","609","100","production","0","0","0","0","0","0","0","0","0","0","0","0"
"C:\Users\udayk\Videos\fenbrowser-test\FenBrowser.FenEngine\Layout\Algorithms\LayoutContext.cs","43","1678","100","production","0","0","0","0","0","0","0","0","0","0","0","0"
"C:\Users\udayk\Videos\fenbrowser-test\FenBrowser.FenEngine\Layout\Algorithms\LayoutHelpers.cs","110","4560","100","production","0","0","0","0","0","0","0","0","0","0","0","0"
"C:\Users\udayk\Videos\fenbrowser-test\FenBrowser.FenEngine\Layout\Contexts\BlockFormattingContext.cs","697","33513","100","production","0","0","0","0","0","0","0","0","0","2","0","0"
"C:\Users\udayk\Videos\fenbrowser-test\FenBrowser.FenEngine\Layout\Contexts\FlexFormattingContext.cs","1702","84357","98","production","0","0","0","0","0","0","0","0","0","2","0","0"
"C:\Users\udayk\Videos\fenbrowser-test\FenBrowser.FenEngine\Layout\Contexts\FloatManager.cs","98","3433","100","production","0","0","0","0","0","0","0","0","0","0","0","0"
"C:\Users\udayk\Videos\fenbrowser-test\FenBrowser.FenEngine\Layout\Contexts\FormattingContext.cs","140","5877","100","production","0","0","0","0","0","0","0","0","0","1","0","0"
"C:\Users\udayk\Videos\fenbrowser-test\FenBrowser.FenEngine\Layout\Contexts\GridFormattingContext.cs","288","11168","100","production","0","0","0","0","0","0","0","0","0","2","0","0"
"C:\Users\udayk\Videos\fenbrowser-test\FenBrowser.FenEngine\Layout\Contexts\InlineFormattingContext.cs","962","42350","100","production","0","0","0","0","0","0","0","0","0","2","0","0"
"C:\Users\udayk\Videos\fenbrowser-test\FenBrowser.FenEngine\Layout\Contexts\LayoutBoxOps.cs","59","2367","100","production","0","0","0","0","0","0","0","0","0","0","0","0"
"C:\Users\udayk\Videos\fenbrowser-test\FenBrowser.FenEngine\Layout\Contexts\LayoutState.cs","57","1922","100","production","0","0","0","0","0","0","0","0","0","0","0","0"
"C:\Users\udayk\Videos\fenbrowser-test\FenBrowser.FenEngine\Layout\Coordinates\LogicalTypes.cs","90","2561","100","production","0","0","0","0","0","0","0","0","0","0","0","0"
"C:\Users\udayk\Videos\fenbrowser-test\FenBrowser.FenEngine\Layout\Coordinates\WritingModeConverter.cs","108","4127","100","production","0","0","0","0","0","0","0","0","0","0","0","0"
"C:\Users\udayk\Videos\fenbrowser-test\FenBrowser.FenEngine\Layout\Tree\BoxTreeBuilder.cs","379","14710","100","production","0","0","0","0","0","0","0","0","0","0","0","0"
"C:\Users\udayk\Videos\fenbrowser-test\FenBrowser.FenEngine\Layout\Tree\LayoutBox.cs","82","2598","100","production","0","0","0","0","0","0","0","0","0","0","0","0"
"C:\Users\udayk\Videos\fenbrowser-test\FenBrowser.FenEngine\Layout\Tree\LayoutNodeTypes.cs","61","2256","100","production","0","0","0","0","0","0","0","0","0","0","0","0"
"C:\Users\udayk\Videos\fenbrowser-test\FenBrowser.FenEngine\Observers\ObserverCoordinator.cs","564","21077","81","full","0","0","0","0","0","3","0","0","19","2","0","0"
"C:\Users\udayk\Videos\fenbrowser-test\FenBrowser.FenEngine\Rendering\BidiResolver.cs","426","16140","100","production","0","0","0","0","0","0","0","0","0","0","0","0"
"C:\Users\udayk\Videos\fenbrowser-test\FenBrowser.FenEngine\Rendering\BidiTextRenderer.cs","422","14142","100","production","0","0","0","0","0","0","0","0","0","0","0","0"
"C:\Users\udayk\Videos\fenbrowser-test\FenBrowser.FenEngine\Rendering\BrowserApi.cs","3678","162223","28","basic","0","0","0","1","0","9","1","0","1","0","0","0"
"C:\Users\udayk\Videos\fenbrowser-test\FenBrowser.FenEngine\Rendering\BrowserCoreHelpers.cs","42","1696","94","production","0","0","0","0","0","1","0","0","0","0","0","0"
"C:\Users\udayk\Videos\fenbrowser-test\FenBrowser.FenEngine\Rendering\BrowserEngine.cs","81","2741","94","production","0","0","0","0","0","1","0","0","0","0","0","0"
"C:\Users\udayk\Videos\fenbrowser-test\FenBrowser.FenEngine\Rendering\CssTransitionEngine.cs","338","14451","100","production","0","0","0","0","0","0","0","0","0","0","0","0"
"C:\Users\udayk\Videos\fenbrowser-test\FenBrowser.FenEngine\Rendering\CustomHtmlEngine.cs","1879","87235","1","stub","0","0","0","0","0","35","3","0","0","0","0","0"
"C:\Users\udayk\Videos\fenbrowser-test\FenBrowser.FenEngine\Rendering\DebugOverlay.cs","234","8719","100","production","0","0","0","0","0","0","0","0","0","0","0","3"
"C:\Users\udayk\Videos\fenbrowser-test\FenBrowser.FenEngine\Rendering\ElementStateManager.cs","582","21630","100","production","0","0","0","0","0","0","0","0","2","1","0","0"
"C:\Users\udayk\Videos\fenbrowser-test\FenBrowser.FenEngine\Rendering\ErrorPageRenderer.cs","239","10006","94","production","0","0","0","0","0","1","0","0","0","1","0","0"
"C:\Users\udayk\Videos\fenbrowser-test\FenBrowser.FenEngine\Rendering\FontRegistry.cs","536","20861","57","partial","0","0","0","0","0","7","0","0","12","2","0","0"
"C:\Users\udayk\Videos\fenbrowser-test\FenBrowser.FenEngine\Rendering\HistoryEntry.cs","19","499","100","production","0","0","0","0","0","0","0","0","0","0","0","0"
"C:\Users\udayk\Videos\fenbrowser-test\FenBrowser.FenEngine\Rendering\ImageLoader.cs","1030","41024","61","partial","0","0","0","0","0","6","1","0","13","11","0","4"
"C:\Users\udayk\Videos\fenbrowser-test\FenBrowser.FenEngine\Rendering\IRenderBackend.cs","225","7224","100","production","0","0","0","0","0","0","0","0","0","0","0","0"
"C:\Users\udayk\Videos\fenbrowser-test\FenBrowser.FenEngine\Rendering\LiteDomUtil.cs","24","892","100","production","0","0","0","0","0","0","0","0","0","0","0","0"
"C:\Users\udayk\Videos\fenbrowser-test\FenBrowser.FenEngine\Rendering\NavigationManager.cs","151","7220","100","production","0","0","0","0","0","0","0","0","0","0","0","0"
"C:\Users\udayk\Videos\fenbrowser-test\FenBrowser.FenEngine\Rendering\NewTabRenderer.cs","182","5776","100","production","0","0","0","0","0","0","0","0","0","0","0","0"
"C:\Users\udayk\Videos\fenbrowser-test\FenBrowser.FenEngine\Rendering\RenderCommands.cs","569","18684","100","production","0","0","0","0","0","0","0","0","0","0","0","17"
"C:\Users\udayk\Videos\fenbrowser-test\FenBrowser.FenEngine\Rendering\RenderDataTypes.cs","128","4835","100","production","0","0","0","0","0","0","0","0","0","0","0","0"
"C:\Users\udayk\Videos\fenbrowser-test\FenBrowser.FenEngine\Rendering\RendererSafetyPolicy.cs","20","771","100","production","0","0","0","0","0","0","0","0","0","1","0","0"
"C:\Users\udayk\Videos\fenbrowser-test\FenBrowser.FenEngine\Rendering\RenderPipeline.cs","150","5050","99","production","0","0","0","0","0","0","0","0","0","8","0","0"
"C:\Users\udayk\Videos\fenbrowser-test\FenBrowser.FenEngine\Rendering\SkiaDomRenderer.cs","840","41031","94","production","0","0","0","0","0","1","0","0","0","0","0","1"
"C:\Users\udayk\Videos\fenbrowser-test\FenBrowser.FenEngine\Rendering\SkiaRenderer.cs","1013","44188","58","partial","0","0","0","0","0","7","0","0","0","0","0","8"
"C:\Users\udayk\Videos\fenbrowser-test\FenBrowser.FenEngine\Rendering\StackingContext.cs","122","5248","100","production","0","0","0","0","0","0","0","0","0","0","0","0"
"C:\Users\udayk\Videos\fenbrowser-test\FenBrowser.FenEngine\Rendering\SvgRenderer.cs","315","11075","94","production","0","0","0","0","0","1","0","0","0","0","0","7"
"C:\Users\udayk\Videos\fenbrowser-test\FenBrowser.FenEngine\Rendering\Backends\HeadlessRenderBackend.cs","208","7728","100","production","0","0","0","0","0","0","0","0","0","0","0","0"
"C:\Users\udayk\Videos\fenbrowser-test\FenBrowser.FenEngine\Rendering\Backends\SkiaRenderBackend.cs","463","17302","100","production","0","0","0","0","0","0","0","0","0","0","0","18"
"C:\Users\udayk\Videos\fenbrowser-test\FenBrowser.FenEngine\Rendering\Compositing\BaseFrameReusePolicy.cs","39","1099","100","production","0","0","0","0","0","0","0","0","0","0","0","0"
"C:\Users\udayk\Videos\fenbrowser-test\FenBrowser.FenEngine\Rendering\Compositing\DamageRasterizationPolicy.cs","82","2556","100","production","0","0","0","0","0","0","0","0","0","0","0","0"
"C:\Users\udayk\Videos\fenbrowser-test\FenBrowser.FenEngine\Rendering\Compositing\DamageRegionNormalizationPolicy.cs","163","5251","100","production","0","0","0","0","0","0","0","0","0","0","0","0"
"C:\Users\udayk\Videos\fenbrowser-test\FenBrowser.FenEngine\Rendering\Compositing\FrameBudgetAdaptivePolicy.cs","103","4075","100","production","0","0","0","0","0","0","0","0","0","0","0","0"
"C:\Users\udayk\Videos\fenbrowser-test\FenBrowser.FenEngine\Rendering\Compositing\PaintCompositingStabilityController.cs","74","2591","100","production","0","0","0","0","0","0","0","0","0","0","0","0"
"C:\Users\udayk\Videos\fenbrowser-test\FenBrowser.FenEngine\Rendering\Compositing\PaintDamageTracker.cs","150","4671","100","production","0","0","0","0","0","0","0","0","0","0","0","0"
"C:\Users\udayk\Videos\fenbrowser-test\FenBrowser.FenEngine\Rendering\Compositing\ScrollDamageComputer.cs","165","6446","100","production","0","0","0","0","0","0","0","0","0","0","0","0"
"C:\Users\udayk\Videos\fenbrowser-test\FenBrowser.FenEngine\Rendering\Core\ILayoutEngine.cs","19","602","100","production","0","0","0","0","0","0","0","0","0","0","0","0"
"C:\Users\udayk\Videos\fenbrowser-test\FenBrowser.FenEngine\Rendering\Core\RenderContext.cs","34","1088","100","production","0","0","0","0","0","0","0","0","0","0","0","0"
"C:\Users\udayk\Videos\fenbrowser-test\FenBrowser.FenEngine\Rendering\Css\CascadeEngine.cs","405","17043","100","production","0","0","0","0","0","0","0","0","0","0","0","0"
"C:\Users\udayk\Videos\fenbrowser-test\FenBrowser.FenEngine\Rendering\Css\CssAnimationEngine.cs","1037","42082","99","production","0","0","0","0","0","0","0","0","12","1","0","0"
"C:\Users\udayk\Videos\fenbrowser-test\FenBrowser.FenEngine\Rendering\Css\CssClipPathParser.cs","260","9531","100","production","0","0","0","0","0","0","0","0","0","0","0","4"
"C:\Users\udayk\Videos\fenbrowser-test\FenBrowser.FenEngine\Rendering\Css\CssEngineFactory.cs","120","4297","94","production","0","0","0","0","0","1","0","0","0","1","0","0"
"C:\Users\udayk\Videos\fenbrowser-test\FenBrowser.FenEngine\Rendering\Css\CssFilterParser.cs","343","12990","100","production","0","0","0","0","0","0","0","0","0","0","0","0"
"C:\Users\udayk\Videos\fenbrowser-test\FenBrowser.FenEngine\Rendering\Css\CssFlexLayout.cs","824","40572","100","production","0","0","0","0","0","0","0","0","0","0","0","0"
"C:\Users\udayk\Videos\fenbrowser-test\FenBrowser.FenEngine\Rendering\Css\CssFloatLayout.cs","413","13970","100","production","0","0","0","0","0","0","0","0","0","0","0","0"
"C:\Users\udayk\Videos\fenbrowser-test\FenBrowser.FenEngine\Rendering\Css\CssFunctions.cs","761","29715","76","full","0","0","0","0","0","4","0","0","1","0","0","0"
"C:\Users\udayk\Videos\fenbrowser-test\FenBrowser.FenEngine\Rendering\Css\CssGridAdvanced.cs","695","26975","100","production","0","0","0","0","0","0","0","0","0","0","0","0"
"C:\Users\udayk\Videos\fenbrowser-test\FenBrowser.FenEngine\Rendering\Css\CssLoader.cs","6157","279169","15","stub","1","0","0","0","0","12","3","0","12","3","0","0"
"C:\Users\udayk\Videos\fenbrowser-test\FenBrowser.FenEngine\Rendering\Css\CssLoaderValueParsing.cs","400","15381","100","production","0","0","0","0","0","0","0","0","0","0","0","0"
"C:\Users\udayk\Videos\fenbrowser-test\FenBrowser.FenEngine\Rendering\Css\CssModel.cs","269","9875","94","production","0","0","0","0","0","1","0","0","0","0","0","0"
"C:\Users\udayk\Videos\fenbrowser-test\FenBrowser.FenEngine\Rendering\Css\CssParser.cs","1114","51408","94","production","0","0","0","0","0","1","0","0","0","0","0","0"
"C:\Users\udayk\Videos\fenbrowser-test\FenBrowser.FenEngine\Rendering\Css\CssSelectorAdvanced.cs","578","21993","100","production","0","0","0","0","0","0","0","0","0","0","0","0"
"C:\Users\udayk\Videos\fenbrowser-test\FenBrowser.FenEngine\Rendering\Css\CssSelectorParser.cs","29","910","100","production","0","0","0","0","0","0","0","0","0","0","0","0"
"C:\Users\udayk\Videos\fenbrowser-test\FenBrowser.FenEngine\Rendering\Css\CssStyleApplicator.cs","154","6923","100","production","0","0","0","0","0","0","0","0","0","0","0","0"
"C:\Users\udayk\Videos\fenbrowser-test\FenBrowser.FenEngine\Rendering\Css\CssSyntaxParser.cs","639","26156","94","production","0","0","0","0","0","1","0","0","0","0","0","0"
"C:\Users\udayk\Videos\fenbrowser-test\FenBrowser.FenEngine\Rendering\Css\CssToken.cs","108","3181","100","production","0","0","0","0","0","0","0","0","0","0","0","0"
"C:\Users\udayk\Videos\fenbrowser-test\FenBrowser.FenEngine\Rendering\Css\CssTokenizer.cs","616","21588","100","production","0","0","0","0","0","0","0","0","0","0","0","0"
"C:\Users\udayk\Videos\fenbrowser-test\FenBrowser.FenEngine\Rendering\Css\CssTransform3D.cs","492","18535","100","production","0","0","0","0","0","0","0","0","0","0","0","0"
"C:\Users\udayk\Videos\fenbrowser-test\FenBrowser.FenEngine\Rendering\Css\CssValue.cs","285","10051","100","production","0","0","0","0","0","0","0","0","0","0","0","0"
"C:\Users\udayk\Videos\fenbrowser-test\FenBrowser.FenEngine\Rendering\Css\CssValueParser.cs","633","28324","100","production","0","0","0","0","0","0","0","0","0","0","0","0"
"C:\Users\udayk\Videos\fenbrowser-test\FenBrowser.FenEngine\Rendering\Css\SelectorMatcher.cs","1164","43024","100","production","0","0","0","0","0","0","0","0","0","0","0","0"
"C:\Users\udayk\Videos\fenbrowser-test\FenBrowser.FenEngine\Rendering\Interaction\HitTester.cs","309","13415","100","production","0","0","0","0","0","0","0","0","0","0","0","0"
"C:\Users\udayk\Videos\fenbrowser-test\FenBrowser.FenEngine\Rendering\Interaction\ScrollbarRenderer.cs","334","14123","100","production","0","0","0","0","0","0","0","0","0","0","0","4"
"C:\Users\udayk\Videos\fenbrowser-test\FenBrowser.FenEngine\Rendering\Interaction\ScrollManager.cs","747","30150","100","production","1","0","0","0","0","0","0","0","4","0","0","0"
"C:\Users\udayk\Videos\fenbrowser-test\FenBrowser.FenEngine\Rendering\Paint\LayoutTreeDumper.cs","323","12611","94","production","0","0","0","0","0","1","0","0","0","0","0","0"
"C:\Users\udayk\Videos\fenbrowser-test\FenBrowser.FenEngine\Rendering\Paint\PaintDebugOverlay.cs","262","9460","100","production","0","0","0","0","0","0","0","0","0","0","0","6"
"C:\Users\udayk\Videos\fenbrowser-test\FenBrowser.FenEngine\Rendering\Painting\BoxPainter.cs","435","17525","94","production","0","0","0","0","0","1","0","0","0","0","0","5"
"C:\Users\udayk\Videos\fenbrowser-test\FenBrowser.FenEngine\Rendering\Painting\DisplayList.cs","43","1317","100","production","0","0","0","0","0","0","0","0","0","0","0","0"
"C:\Users\udayk\Videos\fenbrowser-test\FenBrowser.FenEngine\Rendering\Painting\DisplayListBuilder.cs","246","7984","100","production","0","0","0","0","0","0","0","0","0","0","0","0"
"C:\Users\udayk\Videos\fenbrowser-test\FenBrowser.FenEngine\Rendering\Painting\ImagePainter.cs","267","8957","94","production","0","0","0","0","0","1","0","0","0","0","0","3"
"C:\Users\udayk\Videos\fenbrowser-test\FenBrowser.FenEngine\Rendering\Painting\Painter.cs","311","11776","100","production","0","0","0","0","0","0","0","0","0","0","0","4"
"C:\Users\udayk\Videos\fenbrowser-test\FenBrowser.FenEngine\Rendering\Painting\StackingContextComplete.cs","499","20014","100","production","0","0","0","0","0","0","0","0","0","0","0","0"
"C:\Users\udayk\Videos\fenbrowser-test\FenBrowser.FenEngine\Rendering\Painting\StackingContextPainter.cs","363","12406","100","production","0","0","0","0","0","0","0","0","0","0","0","0"
"C:\Users\udayk\Videos\fenbrowser-test\FenBrowser.FenEngine\Rendering\Painting\TextPainter.cs","444","17231","94","production","0","0","0","0","0","1","0","0","0","0","0","3"
"C:\Users\udayk\Videos\fenbrowser-test\FenBrowser.FenEngine\Rendering\PaintTree\ImmutablePaintTree.cs","172","6138","100","production","0","0","0","0","0","0","0","0","0","1","0","0"
"C:\Users\udayk\Videos\fenbrowser-test\FenBrowser.FenEngine\Rendering\PaintTree\IPaintNodeVisitor.cs","22","799","100","production","0","0","0","0","0","0","0","0","0","0","0","0"
"C:\Users\udayk\Videos\fenbrowser-test\FenBrowser.FenEngine\Rendering\PaintTree\NewPaintTreeBuilder.cs","3983","188247","77","full","0","0","0","0","0","3","0","0","0","0","0","67"
"C:\Users\udayk\Videos\fenbrowser-test\FenBrowser.FenEngine\Rendering\PaintTree\PaintNode.cs","172","5886","100","production","0","0","0","0","0","0","0","0","0","0","0","0"
"C:\Users\udayk\Videos\fenbrowser-test\FenBrowser.FenEngine\Rendering\PaintTree\PaintNodeBase.cs","329","10991","100","production","0","0","0","0","0","0","0","0","0","0","0","0"
"C:\Users\udayk\Videos\fenbrowser-test\FenBrowser.FenEngine\Rendering\PaintTree\PaintTree.cs","88","2609","100","production","0","0","0","0","0","0","0","0","0","1","0","0"
"C:\Users\udayk\Videos\fenbrowser-test\FenBrowser.FenEngine\Rendering\PaintTree\PaintTreeBuilder.cs","369","16457","94","production","0","0","0","0","0","1","0","0","0","0","0","0"
"C:\Users\udayk\Videos\fenbrowser-test\FenBrowser.FenEngine\Rendering\PaintTree\PaintTreeDiff.cs","26","983","100","production","0","0","0","0","0","0","0","0","0","0","0","0"
"C:\Users\udayk\Videos\fenbrowser-test\FenBrowser.FenEngine\Rendering\PaintTree\PositionedGlyph.cs","33","911","100","production","0","0","0","0","0","0","0","0","0","0","0","0"
"C:\Users\udayk\Videos\fenbrowser-test\FenBrowser.FenEngine\Rendering\Performance\IncrementalLayout.cs","235","6864","100","production","0","0","0","0","0","0","0","0","4","0","0","0"
"C:\Users\udayk\Videos\fenbrowser-test\FenBrowser.FenEngine\Rendering\Performance\ParallelPainter.cs","336","9972","100","production","0","0","0","0","0","0","0","0","4","0","0","1"
"C:\Users\udayk\Videos\fenbrowser-test\FenBrowser.FenEngine\Rendering\RenderTree\FrameState.cs","76","2428","100","production","0","0","0","0","0","0","0","0","0","0","0","0"
"C:\Users\udayk\Videos\fenbrowser-test\FenBrowser.FenEngine\Rendering\RenderTree\RectExtensions.cs","33","922","100","production","0","0","0","0","0","0","0","0","0","0","0","0"
"C:\Users\udayk\Videos\fenbrowser-test\FenBrowser.FenEngine\Rendering\RenderTree\RenderBox.cs","610","30273","100","production","1","0","0","0","0","0","0","0","0","0","0","0"
"C:\Users\udayk\Videos\fenbrowser-test\FenBrowser.FenEngine\Rendering\RenderTree\RenderObject.cs","56","1809","100","production","0","0","0","0","0","0","0","0","0","0","0","0"
"C:\Users\udayk\Videos\fenbrowser-test\FenBrowser.FenEngine\Rendering\RenderTree\RenderText.cs","38","1088","100","production","0","0","0","0","0","0","0","0","0","0","0","1"
"C:\Users\udayk\Videos\fenbrowser-test\FenBrowser.FenEngine\Rendering\RenderTree\ScrollModel.cs","208","6515","100","production","0","0","0","0","0","0","0","0","0","0","0","0"
"C:\Users\udayk\Videos\fenbrowser-test\FenBrowser.FenEngine\Rendering\UserAgent\UAStyleProvider.cs","360","16227","100","production","0","0","0","0","0","0","0","0","0","0","0","0"
"C:\Users\udayk\Videos\fenbrowser-test\FenBrowser.FenEngine\Rendering\WebGL\WebGL2RenderingContext.cs","644","24335","100","production","0","0","0","0","0","0","0","0","0","0","0","0"
"C:\Users\udayk\Videos\fenbrowser-test\FenBrowser.FenEngine\Rendering\WebGL\WebGLConstants.cs","277","12671","100","production","0","0","0","0","0","0","0","0","0","0","0","0"
"C:\Users\udayk\Videos\fenbrowser-test\FenBrowser.FenEngine\Rendering\WebGL\WebGLContextManager.cs","284","15284","100","production","0","0","0","0","0","0","0","0","0","0","0","0"
"C:\Users\udayk\Videos\fenbrowser-test\FenBrowser.FenEngine\Rendering\WebGL\WebGLObjects.cs","278","7826","99","production","0","0","0","0","0","0","0","0","0","11","0","0"
"C:\Users\udayk\Videos\fenbrowser-test\FenBrowser.FenEngine\Rendering\WebGL\WebGLRenderingContext.cs","1215","47211","100","production","0","0","0","0","0","0","0","0","0","0","0","6"
"C:\Users\udayk\Videos\fenbrowser-test\FenBrowser.FenEngine\Resources\ua.css","321","4254","100","production","0","0","0","0","0","0","0","0","0","0","0","0"
"C:\Users\udayk\Videos\fenbrowser-test\FenBrowser.FenEngine\Scripting\CanvasRenderingContext2D.cs","1027","43272","100","production","0","0","0","0","0","0","0","0","0","0","0","12"
"C:\Users\udayk\Videos\fenbrowser-test\FenBrowser.FenEngine\Scripting\JavaScriptEngine.cs","3893","174398","1","stub","1","0","0","0","0","56","5","0","24","1","0","0"
"C:\Users\udayk\Videos\fenbrowser-test\FenBrowser.FenEngine\Scripting\JavaScriptEngine.Dom.cs","1282","67466","82","full","0","0","0","0","0","3","0","0","5","0","0","0"
"C:\Users\udayk\Videos\fenbrowser-test\FenBrowser.FenEngine\Scripting\JavaScriptEngine.Methods.cs","223","7787","68","partial","0","0","0","0","0","5","2","0","5","0","0","0"
"C:\Users\udayk\Videos\fenbrowser-test\FenBrowser.FenEngine\Scripting\JavaScriptRuntime.cs","23","496","100","production","0","0","0","0","0","0","0","0","0","0","0","0"
"C:\Users\udayk\Videos\fenbrowser-test\FenBrowser.FenEngine\Scripting\JsRuntimeAbstraction.cs","146","5010","88","full","0","0","0","0","0","2","0","0","0","0","0","0"
"C:\Users\udayk\Videos\fenbrowser-test\FenBrowser.FenEngine\Scripting\ModuleLoader.cs","217","8236","76","full","0","0","0","0","0","4","0","0","0","0","0","0"
"C:\Users\udayk\Videos\fenbrowser-test\FenBrowser.FenEngine\Scripting\ProxyAPI.cs","86","3450","100","production","0","0","0","0","0","0","0","0","0","0","0","0"
"C:\Users\udayk\Videos\fenbrowser-test\FenBrowser.FenEngine\Scripting\ReflectAPI.cs","158","7125","100","production","0","0","0","0","0","0","0","0","0","0","0","0"
"C:\Users\udayk\Videos\fenbrowser-test\FenBrowser.FenEngine\Security\IPermissionManager.cs","119","4371","100","production","0","0","0","0","0","0","0","0","0","0","0","0"
"C:\Users\udayk\Videos\fenbrowser-test\FenBrowser.FenEngine\Security\IResourceLimits.cs","119","3881","100","production","0","0","0","0","0","0","0","0","0","0","0","0"
"C:\Users\udayk\Videos\fenbrowser-test\FenBrowser.FenEngine\Security\PermissionManager.cs","123","3885","100","production","0","0","0","0","0","0","0","0","5","0","0","0"
"C:\Users\udayk\Videos\fenbrowser-test\FenBrowser.FenEngine\Security\PermissionStore.cs","105","3289","88","full","0","0","0","0","0","2","0","0","4","2","0","0"
"C:\Users\udayk\Videos\fenbrowser-test\FenBrowser.FenEngine\Storage\FileStorageBackend.cs","471","17540","76","full","0","0","0","0","0","4","0","0","0","0","0","0"
"C:\Users\udayk\Videos\fenbrowser-test\FenBrowser.FenEngine\Storage\InMemoryStorageBackend.cs","238","8338","100","production","0","0","0","0","0","0","0","0","0","0","0","0"
"C:\Users\udayk\Videos\fenbrowser-test\FenBrowser.FenEngine\Storage\IStorageBackend.cs","119","4062","100","production","0","0","0","0","0","0","0","0","0","0","0","0"
"C:\Users\udayk\Videos\fenbrowser-test\FenBrowser.FenEngine\Storage\StorageUtils.cs","123","4502","100","production","0","0","0","0","0","0","0","0","0","0","0","0"
"C:\Users\udayk\Videos\fenbrowser-test\FenBrowser.FenEngine\Testing\AcidTestRunner.cs","364","11839","76","full","0","0","0","0","0","4","0","0","0","0","0","1"
"C:\Users\udayk\Videos\fenbrowser-test\FenBrowser.FenEngine\Testing\Test262Runner.cs","833","38895","73","partial","1","0","0","0","0","2","2","3","1","0","0","0"
"C:\Users\udayk\Videos\fenbrowser-test\FenBrowser.FenEngine\Testing\UsedValueComparator.cs","386","15360","94","production","0","0","0","0","0","1","0","0","0","0","0","0"
"C:\Users\udayk\Videos\fenbrowser-test\FenBrowser.FenEngine\Testing\VerificationRunner.cs","68","2782","100","production","0","0","0","0","0","0","0","0","0","0","0","0"
"C:\Users\udayk\Videos\fenbrowser-test\FenBrowser.FenEngine\Testing\WPTTestRunner.cs","486","19635","80","full","0","0","0","0","0","2","0","2","0","0","0","0"
"C:\Users\udayk\Videos\fenbrowser-test\FenBrowser.FenEngine\Typography\GlyphRun.cs","75","2176","100","production","0","0","0","0","0","0","0","0","0","0","0","0"
"C:\Users\udayk\Videos\fenbrowser-test\FenBrowser.FenEngine\Typography\IFontService.cs","71","2979","100","production","0","0","0","0","0","0","0","0","0","0","0","0"
"C:\Users\udayk\Videos\fenbrowser-test\FenBrowser.FenEngine\Typography\NormalizedFontMetrics.cs","103","3840","100","production","0","0","0","0","0","0","0","0","0","0","0","0"
"C:\Users\udayk\Videos\fenbrowser-test\FenBrowser.FenEngine\Typography\SkiaFontService.cs","113","4073","100","production","0","0","0","0","0","0","0","0","0","0","0","3"
"C:\Users\udayk\Videos\fenbrowser-test\FenBrowser.FenEngine\Typography\TextShaper.cs","281","10047","94","production","0","0","0","0","0","1","0","0","0","0","0","3"
"C:\Users\udayk\Videos\fenbrowser-test\FenBrowser.FenEngine\WebAPIs\Cache.cs","274","10405","87","full","0","0","0","0","0","2","1","0","0","0","0","0"
"C:\Users\udayk\Videos\fenbrowser-test\FenBrowser.FenEngine\WebAPIs\CacheStorage.cs","151","6418","93","production","0","0","0","0","0","1","1","0","0","0","0","0"
"C:\Users\udayk\Videos\fenbrowser-test\FenBrowser.FenEngine\WebAPIs\FetchApi.cs","561","25333","72","partial","0","0","0","0","0","4","3","0","0","0","0","0"
"C:\Users\udayk\Videos\fenbrowser-test\FenBrowser.FenEngine\WebAPIs\FetchEvent.cs","280","9958","100","production","0","0","0","0","0","0","0","0","0","0","0","0"
"C:\Users\udayk\Videos\fenbrowser-test\FenBrowser.FenEngine\WebAPIs\IndexedDBService.cs","134","5707","99","production","0","0","0","0","0","0","1","0","0","0","0","0"
"C:\Users\udayk\Videos\fenbrowser-test\FenBrowser.FenEngine\WebAPIs\IntersectionObserverAPI.cs","118","5023","100","production","0","0","0","0","0","0","0","0","0","0","0","0"
"C:\Users\udayk\Videos\fenbrowser-test\FenBrowser.FenEngine\WebAPIs\ResizeObserverAPI.cs","87","3480","100","production","0","0","0","0","0","0","0","0","0","0","0","0"
"C:\Users\udayk\Videos\fenbrowser-test\FenBrowser.FenEngine\WebAPIs\StorageApi.cs","354","14398","82","full","0","0","0","0","0","3","0","0","3","2","0","0"
"C:\Users\udayk\Videos\fenbrowser-test\FenBrowser.FenEngine\WebAPIs\TestConsoleCapture.cs","177","6665","100","production","0","0","0","0","0","0","0","0","0","4","0","0"
"C:\Users\udayk\Videos\fenbrowser-test\FenBrowser.FenEngine\WebAPIs\TestHarnessAPI.cs","326","12288","99","production","0","0","0","0","0","0","0","0","0","13","0","0"
"C:\Users\udayk\Videos\fenbrowser-test\FenBrowser.FenEngine\WebAPIs\WebAPIs.cs","323","13374","88","full","0","0","0","0","0","2","0","0","0","4","0","0"
"C:\Users\udayk\Videos\fenbrowser-test\FenBrowser.FenEngine\WebAPIs\WebAudioAPI.cs","401","18323","99","production","0","0","0","0","0","0","1","0","0","1","0","0"
"C:\Users\udayk\Videos\fenbrowser-test\FenBrowser.FenEngine\WebAPIs\WebRTCAPI.cs","364","17152","99","production","0","0","0","0","0","0","1","0","0","1","0","0"
"C:\Users\udayk\Videos\fenbrowser-test\FenBrowser.FenEngine\WebAPIs\XMLHttpRequest.cs","211","9993","93","production","0","0","0","0","0","1","1","0","0","0","0","0"
"C:\Users\udayk\Videos\fenbrowser-test\FenBrowser.FenEngine\Workers\ServiceWorker.cs","164","6064","100","production","0","0","0","0","0","0","0","0","0","0","0","0"
"C:\Users\udayk\Videos\fenbrowser-test\FenBrowser.FenEngine\Workers\ServiceWorkerClients.cs","166","6670","93","production","0","0","0","0","0","1","1","0","0","0","0","0"
"C:\Users\udayk\Videos\fenbrowser-test\FenBrowser.FenEngine\Workers\ServiceWorkerContainer.cs","252","9476","93","production","0","0","0","0","0","1","1","0","0","0","0","0"
"C:\Users\udayk\Videos\fenbrowser-test\FenBrowser.FenEngine\Workers\ServiceWorkerGlobalScope.cs","110","4545","93","production","0","0","0","0","0","1","1","0","0","0","0","0"
"C:\Users\udayk\Videos\fenbrowser-test\FenBrowser.FenEngine\Workers\ServiceWorkerManager.cs","367","14866","93","production","0","0","0","0","0","1","1","0","0","2","0","0"
"C:\Users\udayk\Videos\fenbrowser-test\FenBrowser.FenEngine\Workers\ServiceWorkerRegistration.cs","124","4815","93","production","0","0","0","0","0","1","1","0","0","0","0","0"
"C:\Users\udayk\Videos\fenbrowser-test\FenBrowser.FenEngine\Workers\StructuredClone.cs","183","6146","88","full","0","0","0","0","0","2","0","0","0","0","0","0"
"C:\Users\udayk\Videos\fenbrowser-test\FenBrowser.FenEngine\Workers\WorkerConstructor.cs","215","8220","100","production","0","0","0","0","0","0","0","0","0","0","0","0"
"C:\Users\udayk\Videos\fenbrowser-test\FenBrowser.FenEngine\Workers\WorkerGlobalScope.cs","401","15870","74","partial","0","0","0","0","0","4","2","0","5","0","0","0"
"C:\Users\udayk\Videos\fenbrowser-test\FenBrowser.FenEngine\Workers\WorkerRuntime.cs","499","19872","70","partial","0","0","0","0","0","5","0","0","2","0","0","0"
